01,Finance & Administration
03,Regulatory
05,Finance & Administration
06,Finance & Administration
15,Legislative & Elections
21,City Development
23,City Development
25,Finance & Administration
27,Finance & Administration
28,Finance & Administration
29,Finance & Administration
30,Finance & Administration
31,Finance & Administration
32,Community Services
33,Finance & Administration
35,Finance & Administration
38,Finance & Administration
39,Legislative & Elections
40,Finance & Administration
41,Community Services
45,Community Services
48,Community Services
50,Community Services
51,Public Safety
54,City Development
55,Public Safety
56,Public Safety
57,Public Safety
58,Public Safety
59,Public Safety
60,Public Safety
62,Public Safety
67,Regulatory
70,Regulatory
72,Regulatory
73,Regulatory
77,Regulatory
78,Regulatory
81,Infrastructure Services
84,Infrastructure Services
85,Infrastructure Services
88,Infrastructure Services
91,Community Services
99,General Financing
