,fundName,fund_type
0075,Grants Management Fund,GRANTS
0100,Corporate Fund,LOCAL
0200,Water Fund,LOCAL
0300,Vehicle Tax Fund,LOCAL
0310,Motor Fuel Tax Fund,LOCAL
0314,Sewer Fund,LOCAL
0346,Library Fund,LOCAL
0353,Emergency Communication Fund,LOCAL
0355,Special Events and Municipal Hotel Operators' Occupation Tax Fund,LOCAL
0510,Bond Redemption and Interest Series Fund,LOCAL
0521,Library Property Tax Levy Fund,LOCAL
0610,Chicago Midway Airport Fund,LOCAL
0681,Municipal Employees' Annuity and Benefit Fund,LOCAL
0682,Laborers' and Retirement Board Annuity and Benefit Fund,LOCAL
0683,Policemen's Annuity and Benefit Fund,LOCAL
0684,Firemen's Annuity and Benefit Fund,LOCAL
0740,O'HARE REVENUE FUND,LOCAL
0994,Controlled Substances Fund,LOCAL
0996,Affordable Housing Opportunity Fund,LOCAL
0B09,CTA Real Property Transfer Tax Fund,LOCAL
0B21,Tax Increment Financing Administration Fund,LOCAL
0B25,Chicago Police CTA Detail Fund,LOCAL
0B26,Chicago Parking Meters Fund,LOCAL
0B32,Garbage Collection Fund,LOCAL
0B42,Foreign Fire Insurance Tax Fund,LOCAL
0B53,Wheelchair Accessible Vehicle Fund,LOCAL
0B64,Cable Local Origination Fund,LOCAL
0B67,Protecting CARE Fund,LOCAL
0B70,Cannabis Regulation Tax,LOCAL
0B89,Opioid Settlement Fund,LOCAL
0B90,Vaping Settlement Fund,LOCAL
0B92,Construction and Demolition Debris Management Fund,LOCAL
0B93,Houseshare Surcharge - Homeless Services Fund,LOCAL
0B94,Houseshare Surcharge - Domestic Violence Fund,LOCAL
0D43,Neighborhoods Opportunity Fund,LOCAL
0D44,Citywide Adopt-a-landmark Fund,LOCAL
0D45,Local Impact Fund,LOCAL
925C,COVID-19 Grant Fund,GRANTS
925D,Disaster Recovery Fund,GRANTS
925E,Entitlement Fund,GRANTS
925F,Federal Grant Fund,GRANTS
925L,Local Public and Private Grant Fund,GRANTS
925P,Program Income Fund,GRANTS
925S,State Grant Fund,GRANTS
GA00,Coronavirus Local Fiscal Recovery Fund,GRANTS
0006,,GRANTS
0011,,GRANTS
0017,,GRANTS
001C,,GRANTS
0020,,GRANTS
0023,,GRANTS
0027,,GRANTS
002C,,GRANTS
003C,,GRANTS
0045,,GRANTS
004C,,GRANTS
0050,,GRANTS
005C,,GRANTS
0064,,GRANTS
0065,,GRANTS
0066,,GRANTS
006C,,GRANTS
0071,,GRANTS
0074,,GRANTS
0079,,GRANTS
008C,,GRANTS
0093,,GRANTS
0094,,GRANTS
0096,,GRANTS
009C,,GRANTS
010C,,GRANTS
012C,,GRANTS
0168,,GRANTS
0191,,GRANTS
020C,,GRANTS
0213,,GRANTS
021C,,GRANTS
0226,,GRANTS
022C,,GRANTS
0238,,GRANTS
023C,,GRANTS
0243,,GRANTS
0248,,GRANTS
024C,,GRANTS
025C,,GRANTS
0260,,GRANTS
0261,,GRANTS
0262,,GRANTS
0263,,GRANTS
0266,,GRANTS
0267,,GRANTS
0272,,GRANTS
0277,,GRANTS
0283,,GRANTS
028C,,GRANTS
0293,,GRANTS
0298,,GRANTS
0315,,GRANTS
033C,,GRANTS
0342,,LOCAL
034C,,GRANTS
0352,,GRANTS
036C,,GRANTS
0382,,GRANTS
0383,,LOCAL
0385,,GRANTS
039C,,GRANTS
040C,,GRANTS
042C,,GRANTS
044C,,GRANTS
045C,,GRANTS
046C,,GRANTS
047C,,GRANTS
048C,,GRANTS
049C,,GRANTS
0505,,LOCAL
0509,,LOCAL
050C,,GRANTS
0516,,LOCAL
0517,,GRANTS
0525,,LOCAL
0529,,GRANTS
052C,,GRANTS
053C,,GRANTS
0549,,LOCAL
054C,,GRANTS
055C,,GRANTS
0562,,GRANTS
0563,,GRANTS
0565,,GRANTS
0566,,GRANTS
0567,,GRANTS
0578,,GRANTS
0584,,GRANTS
0585,,GRANTS
0589,,GRANTS
0594,,GRANTS
0595,,GRANTS
0596,,GRANTS
0597,,GRANTS
0598,,GRANTS
0599,,GRANTS
0600,,GRANTS
0623,,GRANTS
0624,,GRANTS
0636,,GRANTS
0648,,GRANTS
0657,,GRANTS
0674,,GRANTS
0702,,GRANTS
0716,,GRANTS
0724,,GRANTS
0764,,GRANTS
0770,,GRANTS
0772,,GRANTS
0774,,GRANTS
0781,,GRANTS
0783,,GRANTS
0784,,GRANTS
0790,,GRANTS
0792,,GRANTS
0799,,GRANTS
0808,,GRANTS
0815,,GRANTS
0816,,GRANTS
0817,,GRANTS
0819,,GRANTS
0821,,GRANTS
0824,,GRANTS
0825,,GRANTS
0827,,GRANTS
0831,,GRANTS
0833,,GRANTS
0834,,GRANTS
0842,,GRANTS
0845,,GRANTS
0847,,GRANTS
0848,,GRANTS
0851,,GRANTS
0863,,GRANTS
0865,,GRANTS
0866,,GRANTS
0868,,GRANTS
0869,,GRANTS
0877,,GRANTS
0878,,GRANTS
0880,,GRANTS
0884,,GRANTS
0889,,GRANTS
0890,,GRANTS
0896,,GRANTS
0898,,GRANTS
0902,,GRANTS
0929,,GRANTS
0934,,LOCAL
0995,,LOCAL
0B05,,GRANTS
0B17,,GRANTS
0B39,,LOCAL
0B40,,LOCAL
0B41,,LOCAL
0B43,,LOCAL
0B82,,LOCAL
0G01,,GRANTS
0H01,,GRANTS
0H04,,GRANTS
0H05,,GRANTS
0H06,,GRANTS
0H07,,GRANTS
0H08,,GRANTS
0H09,,GRANTS
0H11,,GRANTS
0H12,,GRANTS
0H13,,GRANTS
0H14,,GRANTS
0H15,,GRANTS
0H16,,GRANTS
0H18,,GRANTS
0H19,,GRANTS
0H20,,GRANTS
0H21,,GRANTS
0H22,,GRANTS
0H23,,GRANTS
0H24,,GRANTS
0H25,,GRANTS
0H26,,GRANTS
0H27,,GRANTS
0H28,,GRANTS
0H29,,GRANTS
0H30,,GRANTS
0H31,,GRANTS
0H32,,GRANTS
0H33,,GRANTS
0H34,,GRANTS
0H35,,GRANTS
0H36,,GRANTS
0H37,,GRANTS
0H38,,GRANTS
0H39,,GRANTS
0H40,,GRANTS
0H41,,GRANTS
0H42,,GRANTS
0H43,,GRANTS
0H44,,GRANTS
0H45,,GRANTS
0H46,,GRANTS
0H47,,GRANTS
0H49,,GRANTS
0H50,,GRANTS
0H51,,GRANTS
0H52,,GRANTS
0H53,,GRANTS
0H54,,GRANTS
0H55,,GRANTS
0H56,,GRANTS
0H57,,GRANTS
0H58,,GRANTS
0H59,,GRANTS
0H60,,GRANTS
0H61,,GRANTS
0H62,,GRANTS
0H63,,GRANTS
0H64,,GRANTS
0H65,,GRANTS
0H67,,GRANTS
0H68,,GRANTS
0H69,,GRANTS
0H70,,GRANTS
0H71,,GRANTS
0H72,,GRANTS
0H73,,GRANTS
0H74,,GRANTS
0H75,,GRANTS
0H76,,GRANTS
0H77,,GRANTS
0H78,,GRANTS
0H79,,GRANTS
0H80,,GRANTS
0H81,,GRANTS
0H82,,GRANTS
0H83,,GRANTS
0H84,,GRANTS
0H85,,GRANTS
0H86,,GRANTS
0H88,,GRANTS
0H89,,GRANTS
0H90,,GRANTS
0H91,,GRANTS
0H92,,GRANTS
0H93,,GRANTS
0H94,,GRANTS
0H96,,GRANTS
0H97,,GRANTS
0H99,,GRANTS
0J01,,GRANTS
0J02,,GRANTS
0J03,,GRANTS
0J04,,GRANTS
0J05,,GRANTS
0J06,,GRANTS
0J07,,GRANTS
0J08,,GRANTS
0J09,,GRANTS
0J11,,GRANTS
0J12,,GRANTS
0J13,,GRANTS
0J14,,GRANTS
0J16,,GRANTS
0J18,,GRANTS
0J19,,GRANTS
0J20,,GRANTS
0J21,,GRANTS
0J22,,GRANTS
0J23,,GRANTS
0J24,,GRANTS
0J25,,GRANTS
0J26,,GRANTS
0J28,,GRANTS
0J30,,GRANTS
0J31,,GRANTS
0J32,,GRANTS
0J38,,GRANTS
0J39,,GRANTS
0J40,,GRANTS
0J41,,CDBG
0J42,,CDBG
0J43,,CDBG
0J44,,CDBG
0J45,,CDBG
0J46,,CDBG
0J47,,CDBG
0J48,,CDBG
0J49,,CDBG
0J50,,CDBG
0J51,,GRANTS
0J52,,GRANTS
0J53,,GRANTS
0J54,,GRANTS
0J55,,GRANTS
0J56,,GRANTS
0J57,,GRANTS
0J59,,GRANTS
0J62,,GRANTS
0J63,,GRANTS
0J64,,GRANTS
0J65,,GRANTS
0J66,,GRANTS
0J67,,GRANTS
0J68,,GRANTS
0J69,,GRANTS
0J70,,GRANTS
0J74,,GRANTS
0J75,,GRANTS
0J76,,GRANTS
0J77,,GRANTS
0J78,,GRANTS
0J79,,GRANTS
0J80,,GRANTS
0J81,,GRANTS
0J83,,GRANTS
0J84,,GRANTS
0J85,,GRANTS
0J86,,GRANTS
0J87,,GRANTS
0J89,,GRANTS
0J92,,GRANTS
0J94,,GRANTS
0J95,,GRANTS
0J96,,GRANTS
0J97,,GRANTS
0J98,,GRANTS
0J99,,GRANTS
0K03,,GRANTS
0K04,,GRANTS
0K06,,GRANTS
0K11,,GRANTS
0K14,,GRANTS
0K17,,GRANTS
0K20,,GRANTS
0K21,,GRANTS
0K23,,GRANTS
0K24,,GRANTS
0K25,,GRANTS
0K26,,GRANTS
0K27,,GRANTS
0K28,,GRANTS
0K30,,GRANTS
0K31,,GRANTS
0K32,,GRANTS
0K37,,CDBG
0K38,,CDBG
0K39,,CDBG
0K40,,CDBG
0K41,,GRANTS
0K43,,GRANTS
0K44,,GRANTS
0K45,,GRANTS
0K46,,GRANTS
0K47,,GRANTS
0K48,,GRANTS
0K49,,GRANTS
0K50,,GRANTS
0K51,,GRANTS
0K52,,GRANTS
0K54,,GRANTS
0K55,,GRANTS
0K57,,GRANTS
0K58,,GRANTS
0K59,,GRANTS
0K60,,GRANTS
0K61,,GRANTS
0K62,,GRANTS
0K63,,GRANTS
0K64,,GRANTS
0K65,,GRANTS
0K66,,GRANTS
0K67,,GRANTS
0K68,,GRANTS
0K69,,GRANTS
0K70,,GRANTS
0K72,,GRANTS
0K73,,GRANTS
0K75,,GRANTS
0K76,,GRANTS
0K77,,GRANTS
0K78,,GRANTS
0K79,,GRANTS
0K80,,GRANTS
0K83,,GRANTS
0K85,,GRANTS
0K86,,GRANTS
0K87,,GRANTS
0K89,,GRANTS
0K91,,GRANTS
0K93,,GRANTS
0K94,,GRANTS
0K95,,GRANTS
0K98,,GRANTS
0K99,,GRANTS
0L00,,GRANTS
0L01,,GRANTS
0L03,,GRANTS
0L04,,GRANTS
0L05,,GRANTS
0L06,,GRANTS
0L07,,GRANTS
0L08,,GRANTS
0L09,,GRANTS
0L10,,GRANTS
0L13,,GRANTS
0L14,,GRANTS
0L18,,GRANTS
0L19,,GRANTS
0L22,,GRANTS
0L23,,GRANTS
0L26,,GRANTS
0L29,,GRANTS
0L32,,GRANTS
0L33,,GRANTS
0L34,,GRANTS
0L35,,GRANTS
0L36,,GRANTS
0L37,,GRANTS
0L38,,GRANTS
0L39,,GRANTS
0L40,,GRANTS
0L41,,GRANTS
0L42,,GRANTS
0L43,,GRANTS
0L44,,GRANTS
0L46,,GRANTS
0L47,,GRANTS
0L48,,GRANTS
0L49,,GRANTS
0L50,,GRANTS
0L52,,GRANTS
0L60,,GRANTS
0L64,,GRANTS
0L69,,GRANTS
0L71,,GRANTS
0L72,,GRANTS
0L73,,GRANTS
0L74,,GRANTS
0L75,,GRANTS
0L76,,GRANTS
0L77,,GRANTS
0L78,,GRANTS
0L79,,GRANTS
0L80,,GRANTS
0L81,,GRANTS
0L82,,GRANTS
0L83,,GRANTS
0L84,,GRANTS
0L85,,GRANTS
0L86,,GRANTS
0L87,,GRANTS
0L89,,GRANTS
0L90,,GRANTS
0L91,,GRANTS
0L93,,GRANTS
0L94,,GRANTS
0L98,,GRANTS
0L99,,GRANTS
0M01,,GRANTS
0M02,,GRANTS
0M04,,GRANTS
0M05,,GRANTS
0M06,,GRANTS
0M07,,GRANTS
0M08,,GRANTS
0M09,,GRANTS
0M11,,GRANTS
0M13,,GRANTS
0M14,,GRANTS
0M22,,GRANTS
0M27,,GRANTS
0M28,,GRANTS
0M29,,GRANTS
0M35,,GRANTS
0M39,,GRANTS
0M46,,GRANTS
0M47,,GRANTS
0M48,,GRANTS
0M49,,GRANTS
0M51,,GRANTS
0M52,,GRANTS
0M53,,GRANTS
0M54,,GRANTS
0M55,,GRANTS
0M56,,GRANTS
0M57,,GRANTS
0M58,,GRANTS
0M59,,GRANTS
0M60,,GRANTS
0M61,,GRANTS
0M62,,GRANTS
0M64,,GRANTS
0M65,,GRANTS
0M66,,GRANTS
0M67,,GRANTS
0M69,,GRANTS
0M72,,GRANTS
0M73,,GRANTS
0M83,,GRANTS
0M84,,GRANTS
0M85,,GRANTS
0M86,,GRANTS
0M87,,GRANTS
0M88,,GRANTS
0M91,,GRANTS
0M92,,GRANTS
0M93,,GRANTS
0M95,,GRANTS
0N00,,GRANTS
0N01,,GRANTS
0N02,,GRANTS
0N03,,GRANTS
0N09,,GRANTS
0N10,,GRANTS
0N12,,GRANTS
0N13,,GRANTS
0N14,,GRANTS
0N15,,GRANTS
0N16,,GRANTS
0N17,,GRANTS
0N19,,GRANTS
0N20,,GRANTS
0N21,,GRANTS
0N22,,GRANTS
0N23,,GRANTS
0N24,,GRANTS
0N25,,GRANTS
0N26,,GRANTS
0N27,,GRANTS
0N28,,GRANTS
0N29,,GRANTS
0N30,,GRANTS
0N31,,GRANTS
0N32,,GRANTS
0N33,,GRANTS
0N34,,GRANTS
0N35,,GRANTS
0N36,,GRANTS
0N37,,GRANTS
0N39,,GRANTS
0N40,,GRANTS
0N42,,GRANTS
0N44,,GRANTS
0N45,,GRANTS
0N46,,GRANTS
0N47,,GRANTS
0N48,,GRANTS
0N49,,GRANTS
0N51,,GRANTS
0N52,,GRANTS
0N53,,GRANTS
0N54,,GRANTS
0N55,,GRANTS
0N56,,GRANTS
0N58,,GRANTS
0N59,,GRANTS
0N60,,GRANTS
0N61,,GRANTS
0N62,,GRANTS
0N63,,GRANTS
0N64,,GRANTS
0N65,,GRANTS
0N66,,GRANTS
0N67,,GRANTS
0N69,,GRANTS
0N70,,GRANTS
0N74,,GRANTS
0N78,,GRANTS
0N80,,GRANTS
0N81,,GRANTS
0N84,,GRANTS
0N88,,GRANTS
0N89,,GRANTS
0N90,,GRANTS
0N91,,GRANTS
0N92,,GRANTS
0N93,,GRANTS
0N94,,GRANTS
0N95,,GRANTS
0N96,,GRANTS
0N97,,GRANTS
0N98,,GRANTS
0N99,,GRANTS
0P04,,GRANTS
0P07,,GRANTS
0P11,,GRANTS
0P12,,GRANTS
0P14,,GRANTS
0P16,,GRANTS
0P17,,GRANTS
0P18,,GRANTS
0P19,,GRANTS
0P20,,GRANTS
0P21,,GRANTS
0P23,,GRANTS
0P27,,GRANTS
0P28,,GRANTS
0P29,,GRANTS
0P30,,GRANTS
0P31,,GRANTS
0P33,,GRANTS
0P36,,GRANTS
0P37,,GRANTS
0P38,,GRANTS
0P39,,GRANTS
0P40,,GRANTS
0P41,,GRANTS
0P42,,GRANTS
0P46,,GRANTS
0P47,,GRANTS
0P49,,GRANTS
0P51,,GRANTS
0P52,,GRANTS
0P53,,GRANTS
0P55,,GRANTS
0P56,,GRANTS
0P58,,GRANTS
0P59,,GRANTS
0P60,,GRANTS
0P61,,GRANTS
0P62,,GRANTS
0P64,,GRANTS
0P65,,GRANTS
0P67,,GRANTS
0P68,,GRANTS
0P69,,GRANTS
0P71,,GRANTS
0P72,,GRANTS
0P73,,GRANTS
0P82,,GRANTS
0P83,,GRANTS
0P84,,GRANTS
0P87,,GRANTS
0P88,,GRANTS
0P92,,GRANTS
0P93,,GRANTS
0P94,,GRANTS
0P95,,GRANTS
0P96,,GRANTS
0P97,,GRANTS
0P98,,GRANTS
0P99,,GRANTS
0R11,,GRANTS
0S04,,GRANTS
0S06,,GRANTS
0S13,,GRANTS
0S15,,GRANTS
0S16,,GRANTS
0S21,,GRANTS
0S22,,GRANTS
0S26,,GRANTS
0S27,,GRANTS
0S29,,GRANTS
0S51,,GRANTS
0S54,,GRANTS
0S55,,GRANTS
0S56,,GRANTS
0S57,,GRANTS
0S60,,GRANTS
0S61,,GRANTS
0S62,,GRANTS
0S73,,GRANTS
0S80,,GRANTS
0S81,,GRANTS
0S82,,GRANTS
0S83,,GRANTS
0S84,,GRANTS
0S85,,GRANTS
0S87,,GRANTS
0S90,,GRANTS
0S93,,GRANTS
0S94,,GRANTS
0S95,,GRANTS
0S96,,GRANTS
0S97,,GRANTS
0S98,,GRANTS
0T00,,GRANTS
0T01,,GRANTS
0T03,,GRANTS
0T04,,GRANTS
0T05,,GRANTS
0T06,,GRANTS
0T07,,GRANTS
0T08,,GRANTS
0T09,,GRANTS
0T10,,GRANTS
0T11,,GRANTS
0T12,,GRANTS
0T13,,GRANTS
0T14,,GRANTS
0T15,,GRANTS
0T16,,GRANTS
0T17,,GRANTS
0T18,,GRANTS
0T19,,GRANTS
0T20,,GRANTS
0T23,,GRANTS
0T24,,GRANTS
0T28,,GRANTS
0T33,,GRANTS
0T34,,GRANTS
0T36,,GRANTS
0T37,,GRANTS
0T38,,GRANTS
0T39,,GRANTS
0T40,,GRANTS
0T41,,GRANTS
0T42,,GRANTS
0T44,,GRANTS
0T45,,GRANTS
0T46,,GRANTS
0T47,,GRANTS
0T48,,GRANTS
0T49,,GRANTS
0T50,,GRANTS
0T51,,GRANTS
0T52,,GRANTS
0T54,,GRANTS
0T55,,GRANTS
0T57,,GRANTS
0T58,,GRANTS
0T59,,GRANTS
0T60,,GRANTS
0T61,,GRANTS
0T62,,GRANTS
0T63,,GRANTS
0T64,,GRANTS
0T65,,GRANTS
0T66,,GRANTS
0T67,,GRANTS
0T68,,GRANTS
0T70,,GRANTS
0T71,,GRANTS
0T73,,GRANTS
0T74,,GRANTS
0T76,,GRANTS
0T77,,GRANTS
0T78,,GRANTS
0T79,,GRANTS
0T80,,GRANTS
0T81,,GRANTS
0T82,,GRANTS
0T83,,GRANTS
0T84,,GRANTS
0T85,,GRANTS
0T86,,GRANTS
0T87,,GRANTS
0T88,,GRANTS
0T89,,GRANTS
0T92,,GRANTS
0T95,,GRANTS
0T96,,GRANTS
0T98,,GRANTS
0U00,,GRANTS
0U01,,GRANTS
0U02,,GRANTS
0U07,,GRANTS
0U08,,GRANTS
0U09,,GRANTS
0U10,,GRANTS
0U11,,GRANTS
0U12,,GRANTS
0U13,,GRANTS
0U15,,GRANTS
0U16,,GRANTS
0U17,,GRANTS
0U19,,GRANTS
0U21,,GRANTS
0U22,,GRANTS
0U23,,GRANTS
0U25,,GRANTS
0U26,,GRANTS
0U27,,GRANTS
0U28,,GRANTS
0U29,,GRANTS
0U30,,GRANTS
0U31,,GRANTS
0U33,,GRANTS
0U34,,GRANTS
0U35,,GRANTS
0U36,,GRANTS
0U37,,GRANTS
0U38,,GRANTS
0U39,,GRANTS
0U40,,GRANTS
0U44,,GRANTS
0U45,,GRANTS
0U46,,GRANTS
0U49,,GRANTS
0U50,,GRANTS
0U51,,GRANTS
0U52,,GRANTS
0U53,,GRANTS
0U54,,GRANTS
0U55,,GRANTS
0U56,,GRANTS
0U57,,GRANTS
0U58,,GRANTS
0U59,,GRANTS
0U60,,GRANTS
0U61,,GRANTS
0U62,,GRANTS
0U64,,GRANTS
0U65,,GRANTS
0U66,,GRANTS
0U67,,GRANTS
0U68,,GRANTS
0U69,,GRANTS
0U70,,GRANTS
0U71,,GRANTS
0U72,,GRANTS
0U73,,GRANTS
0U74,,GRANTS
0U77,,GRANTS
0U78,,GRANTS
0U80,,GRANTS
0U81,,GRANTS
0U82,,GRANTS
0U83,,GRANTS
0U86,,GRANTS
0U88,,GRANTS
0U90,,GRANTS
0U91,,GRANTS
0U92,,GRANTS
0U93,,GRANTS
0U94,,GRANTS
0U95,,GRANTS
0U96,,GRANTS
0U97,,GRANTS
0U98,,GRANTS
0V00,,GRANTS
0V01,,GRANTS
0V02,,GRANTS
0V03,,GRANTS
0V05,,GRANTS
0V06,,GRANTS
0V07,,GRANTS
0V08,,GRANTS
0V09,,GRANTS
0V10,,GRANTS
0V12,,GRANTS
0V13,,GRANTS
0V14,,GRANTS
0V17,,GRANTS
0V18,,GRANTS
0V19,,GRANTS
0V20,,GRANTS
0V21,,GRANTS
0V22,,GRANTS
0V24,,GRANTS
0V25,,GRANTS
0V26,,GRANTS
0V27,,GRANTS
0V29,,GRANTS
0V30,,GRANTS
0V31,,GRANTS
0V33,,GRANTS
0V34,,GRANTS
0V35,,GRANTS
0V36,,GRANTS
0V37,,GRANTS
0V39,,GRANTS
0V40,,GRANTS
0V41,,GRANTS
0V42,,GRANTS
0V43,,GRANTS
0V44,,GRANTS
0V47,,GRANTS
0V48,,GRANTS
0V49,,GRANTS
0V50,,GRANTS
0V51,,GRANTS
0V52,,GRANTS
0V53,,GRANTS
0V54,,GRANTS
0V55,,GRANTS
0V56,,GRANTS
0V57,,GRANTS
0V58,,GRANTS
0V59,,GRANTS
0V61,,GRANTS
0V62,,GRANTS
0V63,,GRANTS
0V64,,GRANTS
0V65,,GRANTS
0V66,,GRANTS
0V67,,GRANTS
0V68,,GRANTS
0V69,,GRANTS
0V70,,GRANTS
0V71,,GRANTS
0V72,,GRANTS
0V73,,GRANTS
0V74,,GRANTS
0V75,,GRANTS
0V76,,GRANTS
0V80,,GRANTS
0V81,,GRANTS
0V82,,GRANTS
0V84,,GRANTS
0V85,,GRANTS
0V86,,GRANTS
0V87,,GRANTS
0V88,,GRANTS
0V89,,GRANTS
0V91,,GRANTS
0V93,,GRANTS
0V95,,GRANTS
0V97,,GRANTS
0V98,,GRANTS
0V99,,GRANTS
0W00,,GRANTS
0W01,,GRANTS
0W02,,GRANTS
0W03,,GRANTS
0W04,,GRANTS
0W05,,GRANTS
0W06,,GRANTS
0W11,,GRANTS
0W12,,GRANTS
0W13,,GRANTS
0W15,,GRANTS
0W16,,GRANTS
0W18,,GRANTS
0W20,,GRANTS
0W21,,GRANTS
0W22,,GRANTS
0W23,,GRANTS
0W24,,GRANTS
0W25,,GRANTS
0W27,,GRANTS
0W28,,GRANTS
0W29,,GRANTS
0W30,,GRANTS
0W32,,GRANTS
0W33,,GRANTS
0W38,,GRANTS
0W39,,GRANTS
0W43,,GRANTS
0W44,,GRANTS
0W45,,GRANTS
0W46,,GRANTS
0W48,,GRANTS
0W49,,GRANTS
0W50,,GRANTS
0W51,,GRANTS
0W52,,GRANTS
0W53,,GRANTS
0W54,,GRANTS
0W55,,GRANTS
0W56,,GRANTS
0W57,,GRANTS
0W59,,GRANTS
0W60,,GRANTS
0W63,,GRANTS
0W64,,GRANTS
0W65,,GRANTS
0W66,,GRANTS
0W68,,GRANTS
0W73,,GRANTS
0W74,,GRANTS
0W75,,GRANTS
0W76,,GRANTS
0W77,,GRANTS
0W78,,GRANTS
0W79,,GRANTS
0W81,,GRANTS
0W82,,GRANTS
0W84,,GRANTS
0W85,,GRANTS
0W87,,GRANTS
0W88,,GRANTS
0W90,,GRANTS
0W91,,GRANTS
0W92,,GRANTS
0W93,,GRANTS
0W94,,GRANTS
0W95,,GRANTS
0W96,,GRANTS
0W97,,GRANTS
0W99,,GRANTS
0X02,,GRANTS
0X03,,GRANTS
0X04,,GRANTS
0X05,,GRANTS
0X06,,GRANTS
0X09,,GRANTS
0X10,,GRANTS
0X11,,GRANTS
0X12,,GRANTS
0X13,,GRANTS
0X14,,GRANTS
0X15,,GRANTS
0X16,,GRANTS
0X18,,GRANTS
0X19,,GRANTS
0X20,,GRANTS
0X22,,GRANTS
0X23,,GRANTS
0X24,,GRANTS
0X25,,GRANTS
0X26,,GRANTS
0X27,,GRANTS
0X28,,GRANTS
0X29,,GRANTS
0X30,,GRANTS
0X31,,GRANTS
0X32,,GRANTS
0X33,,GRANTS
0X34,,GRANTS
0X35,,GRANTS
0X36,,GRANTS
0X37,,GRANTS
0X38,,GRANTS
0X39,,GRANTS
0X41,,GRANTS
0X42,,GRANTS
0X44,,GRANTS
0X45,,GRANTS
0X47,,GRANTS
0X49,,GRANTS
0X50,,GRANTS
0X52,,GRANTS
0X55,,GRANTS
0X56,,GRANTS
0X57,,GRANTS
0X59,,GRANTS
0X60,,GRANTS
0X61,,GRANTS
0X62,,GRANTS
0X63,,GRANTS
0X64,,GRANTS
0X65,,GRANTS
0X66,,GRANTS
0X67,,GRANTS
0X68,,GRANTS
0X69,,GRANTS
0X70,,GRANTS
0X71,,GRANTS
0X72,,GRANTS
0X73,,GRANTS
0X74,,GRANTS
0X75,,GRANTS
0X76,,GRANTS
0X77,,GRANTS
0X78,,GRANTS
0X79,,GRANTS
0X80,,GRANTS
0X81,,GRANTS
0X82,,GRANTS
0X83,,GRANTS
0X84,,GRANTS
0X85,,GRANTS
0X86,,GRANTS
0X87,,GRANTS
0X88,,GRANTS
0X89,,GRANTS
0X90,,GRANTS
0X92,,GRANTS
0X95,,GRANTS
0X96,,GRANTS
0X97,,GRANTS
0X98,,GRANTS
0X99,,GRANTS
0Y01,,GRANTS
0Y02,,GRANTS
0Y03,,GRANTS
0Y04,,GRANTS
0Y05,,GRANTS
0Y06,,GRANTS
0Y07,,GRANTS
0Y08,,GRANTS
0Y10,,GRANTS
0Y11,,GRANTS
0Y12,,GRANTS
0Y13,,GRANTS
0Y14,,GRANTS
0Y15,,GRANTS
0Y16,,GRANTS
0Y17,,GRANTS
0Y18,,GRANTS
0Y19,,GRANTS
0Y20,,GRANTS
0Y21,,GRANTS
0Y22,,GRANTS
0Y23,,GRANTS
0Y24,,GRANTS
0Y25,,GRANTS
0Y26,,GRANTS
0Y27,,GRANTS
0Y28,,GRANTS
0Y29,,GRANTS
0Y30,,GRANTS
0Y31,,GRANTS
0Y32,,GRANTS
0Y33,,GRANTS
0Y34,,GRANTS
0Y35,,GRANTS
0Y36,,GRANTS
0Y37,,GRANTS
0Y38,,GRANTS
0Y39,,GRANTS
0Y40,,GRANTS
0Y41,,GRANTS
0Y42,,GRANTS
0Y43,,GRANTS
0Y44,,GRANTS
0Y45,,GRANTS
0Y46,,GRANTS
0Y47,,GRANTS
0Y48,,GRANTS
0Y49,,GRANTS
0Y50,,GRANTS
0Y51,,GRANTS
0Y52,,GRANTS
0Y53,,GRANTS
0Y54,,GRANTS
0Y55,,GRANTS
0Y56,,GRANTS
0Y57,,GRANTS
0Y58,,GRANTS
0Y59,,GRANTS
0Y60,,GRANTS
0Y61,,GRANTS
0Y62,,GRANTS
0Y63,,GRANTS
0Y64,,GRANTS
0Y65,,GRANTS
0Y66,,GRANTS
0Y67,,GRANTS
0Y68,,GRANTS
0Y69,,GRANTS
0Y70,,GRANTS
0Y71,,GRANTS
0Y72,,GRANTS
0Y73,,GRANTS
0Y74,,GRANTS
0Y75,,GRANTS
0Y76,,GRANTS
0Y78,,GRANTS
0Y80,,GRANTS
0Y84,,GRANTS
0Y87,,GRANTS
0Y88,,GRANTS
0Y89,,GRANTS
0Y90,,GRANTS
0Y91,,GRANTS
0Y92,,GRANTS
0Y93,,GRANTS
0Y94,,GRANTS
0Y95,,GRANTS
0Y96,,GRANTS
0Y97,,GRANTS
0Y98,,GRANTS
0Y99,,GRANTS
0Z00,,GRANTS
0Z01,,GRANTS
0Z04,,GRANTS
0Z07,,GRANTS
0Z10,,GRANTS
0Z11,,GRANTS
0Z12,,GRANTS
0Z15,,GRANTS
0Z16,,GRANTS
0Z17,,GRANTS
0Z19,,GRANTS
0Z20,,GRANTS
0Z21,,GRANTS
0Z22,,GRANTS
0Z24,,GRANTS
0Z25,,GRANTS
0Z26,,GRANTS
0Z27,,GRANTS
0Z28,,GRANTS
0Z29,,GRANTS
0Z31,,GRANTS
0Z32,,GRANTS
0Z33,,GRANTS
0Z34,,GRANTS
0Z35,,GRANTS
0Z36,,GRANTS
0Z37,,GRANTS
0Z39,,GRANTS
0Z40,,GRANTS
0Z41,,GRANTS
0Z42,,GRANTS
0Z43,,GRANTS
0Z44,,GRANTS
0Z45,,GRANTS
0Z46,,GRANTS
0Z47,,GRANTS
0Z48,,GRANTS
0Z49,,GRANTS
0Z50,,GRANTS
0Z51,,GRANTS
0Z52,,GRANTS
0Z54,,GRANTS
0Z56,,GRANTS
0Z57,,GRANTS
0Z58,,GRANTS
0Z59,,GRANTS
0Z60,,GRANTS
0Z61,,GRANTS
0Z62,,GRANTS
0Z63,,GRANTS
0Z64,,GRANTS
0Z65,,GRANTS
0Z66,,GRANTS
0Z67,,GRANTS
0Z69,,GRANTS
0Z70,,GRANTS
0Z71,,GRANTS
0Z72,,GRANTS
0Z73,,GRANTS
0Z74,,GRANTS
0Z76,,GRANTS
0Z77,,GRANTS
0Z79,,GRANTS
0Z80,,GRANTS
0Z81,,GRANTS
0Z82,,GRANTS
0Z83,,GRANTS
0Z84,,GRANTS
0Z85,,GRANTS
0Z86,,GRANTS
0Z87,,GRANTS
0Z88,,GRANTS
0Z89,,GRANTS
0Z91,,GRANTS
0Z92,,GRANTS
0Z93,,GRANTS
0Z94,,GRANTS
0Z95,,GRANTS
G001,,GRANTS
G002,,GRANTS
G004,,GRANTS
G005,,GRANTS
G006,,GRANTS
G007,,GRANTS
G009,,GRANTS
G010,,GRANTS
G011,,GRANTS
G012,,GRANTS
G013,,GRANTS
G014,,GRANTS
G015,,GRANTS
G016,,GRANTS
G018,,GRANTS
G019,,GRANTS
G021,,GRANTS
G022,,GRANTS
G023,,GRANTS
G024,,GRANTS
G025,,GRANTS
G027,,GRANTS
G028,,GRANTS
G029,,GRANTS
G030,,GRANTS
G031,,GRANTS
G033,,GRANTS
G035,,GRANTS
G036,,GRANTS
G037,,GRANTS
G038,,GRANTS
G039,,GRANTS
G041,,GRANTS
G042,,GRANTS
G044,,GRANTS
G045,,GRANTS
G046,,GRANTS
G047,,GRANTS
G048,,GRANTS
G049,,GRANTS
G050,,GRANTS
G051,,GRANTS
G054,,GRANTS
G059,,GRANTS
G060,,GRANTS
G061,,GRANTS
G062,,GRANTS
G065,,GRANTS
G066,,GRANTS
G070,,GRANTS
G071,,GRANTS
G077,,GRANTS
G080,,GRANTS
G082,,GRANTS
G083,,GRANTS
G084,,GRANTS
G085,,GRANTS
G086,,GRANTS
G087,,GRANTS
G088,,GRANTS
G090,,GRANTS
G091,,GRANTS
G092,,GRANTS
G097,,GRANTS
G098,,GRANTS
G100,,GRANTS
G101,,GRANTS
G102,,GRANTS
G103,,GRANTS
G104,,GRANTS
G105,,GRANTS
G106,,GRANTS
G107,,GRANTS
G108,,GRANTS
G109,,GRANTS
G110,,GRANTS
G111,,GRANTS
G112,,GRANTS
G113,,GRANTS
G114,,GRANTS
G115,,GRANTS
G116,,GRANTS
G117,,GRANTS
G118,,GRANTS
G120,,GRANTS
G121,,GRANTS
G122,,GRANTS
G123,,GRANTS
G124,,GRANTS
G126,,GRANTS
G127,,GRANTS
G128,,GRANTS
G129,,GRANTS
G130,,GRANTS
G131,,GRANTS
G132,,GRANTS
G134,,GRANTS
G135,,GRANTS
G139,,GRANTS
G140,,GRANTS
G141,,GRANTS
G143,,GRANTS
G144,,GRANTS
G145,,GRANTS
G149,,GRANTS
G150,,GRANTS
G152,,GRANTS
G153,,GRANTS
G154,,GRANTS
G155,,GRANTS
G157,,GRANTS
G158,,GRANTS
G159,,GRANTS
G160,,GRANTS
G163,,GRANTS
G165,,GRANTS
G166,,GRANTS
G167,,GRANTS
G168,,GRANTS
G169,,GRANTS
G170,,GRANTS
G171,,GRANTS
G172,,GRANTS
G173,,GRANTS
G174,,GRANTS
G175,,GRANTS
G177,,GRANTS
G178,,GRANTS
G179,,GRANTS
G181,,GRANTS
G182,,GRANTS
G183,,GRANTS
G184,,GRANTS
G185,,GRANTS
G186,,GRANTS
G187,,GRANTS
G188,,GRANTS
G191,,GRANTS
G192,,GRANTS
G195,,GRANTS
G196,,GRANTS
G197,,GRANTS
G198,,GRANTS
G199,,GRANTS
G204,,GRANTS
G205,,GRANTS
G207,,GRANTS
G209,,GRANTS
G212,,GRANTS
G214,,GRANTS
G215,,GRANTS
G217,,GRANTS
G218,,GRANTS
G219,,GRANTS
G220,,GRANTS
G221,,GRANTS
G222,,GRANTS
G223,,GRANTS
G225,,GRANTS
G226,,GRANTS
G227,,GRANTS
G228,,GRANTS
G229,,GRANTS
G230,,GRANTS
G231,,GRANTS
G232,,GRANTS
G233,,GRANTS
G234,,GRANTS
G235,,GRANTS
G236,,GRANTS
G237,,GRANTS
G238,,GRANTS
G239,,GRANTS
G241,,GRANTS
G242,,GRANTS
G243,,GRANTS
G244,,GRANTS
G245,,GRANTS
G246,,GRANTS
G247,,GRANTS
G248,,GRANTS
G249,,GRANTS
G251,,GRANTS
G252,,GRANTS
G253,,GRANTS
G257,,GRANTS
G259,,GRANTS
G260,,GRANTS
G261,,GRANTS
G262,,GRANTS
G263,,GRANTS
G264,,GRANTS
G265,,GRANTS
G266,,GRANTS
G267,,GRANTS
G268,,GRANTS
G269,,GRANTS
G270,,GRANTS
G271,,GRANTS
G272,,GRANTS
G273,,GRANTS
G274,,GRANTS
G275,,GRANTS
G276,,GRANTS
G277,,GRANTS
G278,,GRANTS
G281,,GRANTS
G282,,GRANTS
G284,,GRANTS
G285,,GRANTS
G286,,GRANTS
G287,,GRANTS
G288,,GRANTS
G289,,GRANTS
G290,,GRANTS
G291,,GRANTS
G292,,GRANTS
G293,,GRANTS
G294,,GRANTS
G295,,GRANTS
G296,,GRANTS
G298,,GRANTS
G299,,GRANTS
G300,,GRANTS
G302,,GRANTS
G303,,GRANTS
G304,,GRANTS
G305,,GRANTS
G306,,GRANTS
G307,,GRANTS
G310,,GRANTS
G311,,GRANTS
G312,,GRANTS
G314,,GRANTS
G322,,GRANTS
G323,,GRANTS
G327,,GRANTS
G329,,GRANTS
G330,,GRANTS
G332,,GRANTS
G333,,GRANTS
G334,,GRANTS
G335,,GRANTS
G336,,GRANTS
G337,,GRANTS
G338,,GRANTS
G339,,GRANTS
G340,,GRANTS
G341,,GRANTS
G343,,GRANTS
G344,,GRANTS
G345,,GRANTS
G346,,GRANTS
G347,,GRANTS
G348,,GRANTS
G349,,GRANTS
G350,,GRANTS
G351,,GRANTS
G352,,GRANTS
G353,,GRANTS
G356,,GRANTS
G357,,GRANTS
G359,,GRANTS
G360,,GRANTS
G361,,GRANTS
G362,,GRANTS
G363,,GRANTS
G364,,GRANTS
G365,,GRANTS
G366,,GRANTS
G368,,GRANTS
G369,,GRANTS
G370,,GRANTS
G371,,GRANTS
G372,,GRANTS
G373,,GRANTS
G374,,GRANTS
G375,,GRANTS
G377,,GRANTS
G378,,GRANTS
G379,,GRANTS
G382,,GRANTS
G383,,GRANTS
G384,,GRANTS
G385,,GRANTS
G386,,GRANTS
G387,,GRANTS
G388,,GRANTS
G389,,GRANTS
G390,,GRANTS
G391,,GRANTS
G392,,GRANTS
G393,,GRANTS
G394,,GRANTS
G395,,GRANTS
G396,,GRANTS
G397,,GRANTS
G398,,GRANTS
G399,,GRANTS
G400,,GRANTS
G401,,GRANTS
G402,,GRANTS
G403,,GRANTS
G404,,GRANTS
G405,,GRANTS
G406,,GRANTS
G407,,GRANTS
G409,,GRANTS
G410,,GRANTS
G411,,GRANTS
G412,,GRANTS
G413,,GRANTS
G414,,GRANTS
G415,,GRANTS
G416,,GRANTS
G417,,GRANTS
G418,,GRANTS
G419,,GRANTS
G420,,GRANTS
G421,,GRANTS
G422,,GRANTS
G423,,GRANTS
G426,,GRANTS
G427,,GRANTS
G428,,GRANTS
G431,,GRANTS
G433,,GRANTS
G434,,GRANTS
G435,,GRANTS
G436,,GRANTS
G437,,GRANTS
G438,,GRANTS
G439,,GRANTS
G440,,GRANTS
G441,,GRANTS
G442,,GRANTS
G443,,GRANTS
G446,,GRANTS
G447,,GRANTS
G448,,GRANTS
G449,,GRANTS
G450,,GRANTS
G451,,GRANTS
G452,,GRANTS
G453,,GRANTS
G455,,GRANTS
G458,,GRANTS
G459,,GRANTS
G460,,GRANTS
G461,,GRANTS
G462,,GRANTS
G463,,GRANTS
G464,,GRANTS
G465,,GRANTS
G466,,GRANTS
G467,,GRANTS
G468,,GRANTS
G469,,GRANTS
G470,,GRANTS
G471,,GRANTS
G472,,GRANTS
G473,,GRANTS
G474,,GRANTS
G475,,GRANTS
G476,,GRANTS
G477,,GRANTS
G478,,GRANTS
G479,,GRANTS
G480,,GRANTS
G481,,GRANTS
G482,,GRANTS
G483,,GRANTS
G484,,GRANTS
G485,,GRANTS
G486,,GRANTS
G487,,GRANTS
G488,,GRANTS
G489,,GRANTS
G490,,GRANTS
G492,,GRANTS
G493,,GRANTS
G494,,GRANTS
G495,,GRANTS
G496,,GRANTS
G497,,GRANTS
G498,,GRANTS
G503,,GRANTS
G505,,GRANTS
G506,,GRANTS
G507,,GRANTS
G508,,GRANTS
G509,,GRANTS
G510,,GRANTS
G511,,GRANTS
G512,,GRANTS
G513,,GRANTS
G514,,GRANTS
G515,,GRANTS
G516,,GRANTS
G517,,GRANTS
G518,,GRANTS
G519,,GRANTS
G520,,GRANTS
G522,,GRANTS
G523,,GRANTS
G524,,GRANTS
G525,,GRANTS
G526,,GRANTS
G527,,GRANTS
G528,,GRANTS
G529,,GRANTS
G532,,GRANTS
G533,,GRANTS
G535,,GRANTS
G536,,GRANTS
G537,,GRANTS
G538,,GRANTS
G539,,GRANTS
G540,,GRANTS
G541,,GRANTS
G543,,GRANTS
G544,,GRANTS
G545,,GRANTS
G546,,GRANTS
G547,,GRANTS
G548,,GRANTS
G549,,GRANTS
G550,,GRANTS
G551,,GRANTS
G552,,GRANTS
G553,,GRANTS
G554,,GRANTS
G555,,GRANTS
G556,,GRANTS
G557,,GRANTS
G558,,GRANTS
G559,,GRANTS
G560,,GRANTS
G561,,GRANTS
G562,,GRANTS
G563,,GRANTS
G564,,GRANTS
G565,,GRANTS
G566,,GRANTS
G567,,GRANTS
G568,,GRANTS
G570,,GRANTS
G571,,GRANTS
G574,,GRANTS
G575,,GRANTS
G576,,GRANTS
G577,,GRANTS
G578,,GRANTS
G579,,GRANTS
G580,,GRANTS
G581,,GRANTS
G583,,GRANTS
G584,,GRANTS
G585,,GRANTS
G586,,GRANTS
G588,,GRANTS
G589,,GRANTS
G590,,GRANTS
G591,,GRANTS
G592,,GRANTS
G594,,GRANTS
G595,,GRANTS
G596,,GRANTS
G597,,GRANTS
G598,,GRANTS
G599,,GRANTS
G601,,GRANTS
G605,,GRANTS
G607,,GRANTS
G608,,GRANTS
G611,,GRANTS
G612,,GRANTS
G613,,GRANTS
G614,,GRANTS
G615,,GRANTS
G616,,GRANTS
G618,,GRANTS
G620,,GRANTS
G622,,GRANTS
G623,,GRANTS
G624,,GRANTS
G625,,GRANTS
G627,,GRANTS
G628,,GRANTS
G629,,GRANTS
G634,,GRANTS
G635,,GRANTS
G637,,GRANTS
G638,,GRANTS
G640,,GRANTS
G641,,GRANTS
G642,,GRANTS
G643,,GRANTS
G645,,GRANTS
G646,,GRANTS
G647,,GRANTS
G648,,GRANTS
G650,,GRANTS
G651,,GRANTS
G652,,GRANTS
G653,,GRANTS
G654,,GRANTS
G655,,GRANTS
G659,,GRANTS
G660,,GRANTS
G661,,GRANTS
G663,,GRANTS
G664,,GRANTS
G665,,GRANTS
G666,,GRANTS
G668,,GRANTS
G669,,GRANTS
G670,,GRANTS
G671,,GRANTS
G672,,GRANTS
G673,,GRANTS
G674,,GRANTS
G675,,GRANTS
G676,,GRANTS
G678,,GRANTS
G681,,GRANTS
G682,,GRANTS
G684,,GRANTS
G686,,GRANTS
G687,,GRANTS
G689,,GRANTS
G691,,GRANTS
G692,,GRANTS
G957,,GRANTS
GA01,,GRANTS
GA02,,GRANTS
GA03,,GRANTS
GA06,,GRANTS
GA07,,GRANTS
GA08,,GRANTS
GA09,,GRANTS
GA11,,GRANTS
GA14,,GRANTS
GA15,,GRANTS
GA16,,GRANTS
GA17,,GRANTS
GA19,,GRANTS
GA20,,GRANTS
GA21,,GRANTS
GA22,,GRANTS
GA23,,GRANTS
GA24,,GRANTS
GA26,,GRANTS
GA28,,GRANTS
GA29,,GRANTS
GA30,,GRANTS
GA31,,GRANTS
GA32,,GRANTS
GA33,,GRANTS
GA34,,GRANTS
GA35,,GRANTS
GA38,,GRANTS
GA39,,GRANTS
GA40,,GRANTS
GA41,,GRANTS
GA42,,GRANTS
GA43,,GRANTS
GA48,,GRANTS
GJ51,,CDBG
